{
    "RMSE": 204.72924192699,
    "MAE": 175,
    "R2": -0.36862244897959173,
    "DataSource": "⚠ Using dummy in-memory dataset"
}