{
  "RMSE": 1336.2940973453965,
  "MAE": 1090.0368273729946,
  "R2": 0.9951032380139617
}