{"RMSE":11.406925084904154,"MAE":9.837273929331111,"R2":0.8823004772384199}